Categoty,delivered_sales,contribution_pct
Miscellaneous,3021553.806979353,33.85739523295069
Kitchen & Dining,1760683.744134156,19.72897694811393
Home Decor,1498552.165918598,16.79171585212382
Seasonal & Party,929726.665436754,10.41785954550787
Jewelry & Fashion Accessories,743708.1900000001,8.333468054962374
"Toys, Crafts & Hobbies",627398.36711,7.030182429545036
Textiles & Comfort,342731.064,3.840401936796292
