Hour,delivered_sales
6,4.25
7,31059.21
8,282125.158674698
9,842984.0596219
10,1261627.40275444
11,1106757.82592505
12,1378971.46121335
13,1173836.51252145
14,996941.511469385
15,973615.47902072
16,469030.247921145
17,234468.6355684
18,104963.321320755
19,49036.167567568
20,18932.76
