Sub_Category,delivered_sales
Unclear,3021553.806979353
Storage Containers,1370009.864279076
Decorative Items,995276.335918598
Accessories,658455.26
Craft Kits,614155.08711
Candle Holders,503275.83
Valentine Theme,462943.477659574
Tableware,390673.87985508
Christmas Theme,246540.60037246
Party Supplies,220242.58740472
Hot Water Bottles,205320.24
Textiles,110809.584
Jewelry,85252.93
Hand Warmers,26601.239999999998
Puzzles,8709.36
Playhouse,4533.92
