Weekday,delivered_sales
Monday,1482973.970451889
Tuesday,1712186.79844854
Wednesday,1282416.679053531
Thursday,1714002.191443703
Friday,1283064.666352598
Saturday,445016.9886219
Sunday,1004692.7092067
